feature,importance
HbA1c,0.23792904420014113
BMI,0.17784383310001783
Diabetes_Duration,0.1762620908789891
Age,0.16642197013721113
C_Peptide,0.1650602527674142
Treatment_UC_MSC,0.07648280891622644
