Timepoint,UC_MSC_Response,Placebo_Response,P_Value,Response_Difference,Relative_Improvement
9weeks,8.89,2.27,0.3607,6.620000000000001,291.62995594713664
20weeks,15.56,9.09,0.3542,6.470000000000001,71.17711771177119
32weeks,15.56,9.09,0.3542,6.470000000000001,71.17711771177119
48weeks,20.0,4.55,0.0268,15.45,339.56043956043953
